{
  "year_start": 1975.0,
  "year_end": 2004.0,
  "n_years": 30.0,
  "mean_et0_mm_year": 945.9405823163912,
  "trend_mm_per_year": 2.50808778986532,
  "trend_mm_per_decade": 25.0808778986532,
  "r_squared": 0.2587648890383393,
  "p_value": 0.0040985765526724924,
  "min_et0_mm_year": 882.5690805556628,
  "max_et0_mm_year": 1071.0757934305586
}